{"data validation": 0.0015878677368164062, "data processing": 0.7426083087921143, "feature extraction": 3.1302297115325928, "training": 75.41612219810486, "evaluation": 11.358731985092163}